name,show,holder,debutDate
AEW World Championship,AEW,Vacant,
AEW World Tag Team Championship,AEW,Vacant,
AEW Continental Championship,AEW,Chris Jericho,
AEW Women's World Championship,AEW,Vacant,
AEW Women's World Tag Team Championship,AEW,Vacant,
AEW TBS Women's Championship,AEW,Vacant,
Money in the Bank AEW,AEW,Vacant,
World Height Weight Championship,RAW,CM Punk,
WWE Women's World Championship,RAW,Stephanie Vaquer,
WWE Intercontinental Championship,RAW,Penta,
World Tag Team Championship,RAW,Uso's,
WWE Women's Tag Team Champion,RAW,Rhiyo,
WWE Women's Intercontinental Championship,RAW,Becky Lynch,
Men's Money in the Bank,RAW,Vacant,
Women's Money in the Bank,RAW,Vacant,
Undisputed WWE Championship,SmackDown,Drew McIntyre,
WWE Women's Championship,SmackDown,Jade Cargill,
WWE United States Championship,SmackDown,Carmelo Hayes,
WWE Tag Team Championship,SmackDown,Rhiyo,
WWE Women's United States Championship,SmackDown,Giulia,
AAA Mega Championship,AAA,Dominik Mysterio,
AAA Latin American Championship,AAA,Vacant,
AAA Tag Team Championship,AAA,Vacant,
AAA Reina De Reinas Championship,AAA,Flammer,
Origyn Women's Championship,AAA,Vacant,
Lucha Underground,AAA,Vacant,
NXT Championship,NXT,Vacant,
NXT North American Championship,NXT,Ethan Page,
Nxt Tag Team Championship,NXT,Hank & TAnk,
NXT Women's Championship,NXT,Jacy Jayne,
WWE Tag Team Championship,NXT,Rhiyo,
NXT Women's North American Championship,NXT,Izzi Dame,
