name,gender,overall,alignment,show,division,status,tag_team,tag_partners
Abyss,Male,85.0,Heel,TNA,Unassigned,Active,,
Adam Cole,Male,89.0,Heel,AEW,Unassigned,Active,MJF and stable,N/A
Adam Page,Male,93.0,Face,AEW,Unassigned,Active,,N/A
Adam Pearce,Male,80.0,Face,RAW,Unassigned,Active,,
Adelicious,Female,75.0,No Info,AAA,Unassigned,Active,,No Info
Aerostar,Male,81.0,Face,AAA,Unassigned,Active,,Drago
AJ Lee,Female,87.0,Face,RAW,Unassigned,Active,AJ Lee & CM Punk,
AJ Styles,Male,88.0,Face,TNA,Unassigned,Active,,
Akane,Male,84.0,Active,TNA,Unassigned,Active,,
Akira Tozawa,Male,68.0,Face,RAW,Unassigned,Active,Alpha Academy,"Maxxine Dupri, Otis"
Alba Fyre,Female,77.0,Heel,SmackDown,Unassigned,Active,Chelsea Green & The Secret Hervice,"Chelsea Green, Piper Niven"
Alberto Del Rio,Male,91.0,Active,AAA,Unassigned,Active,,
Aleister Black,Male,84.0,Heel,AEW,Unassigned,Active,House of Black,Zelina Vega
Alex Shelley,Male,80.0,Heel,SmackDown,Unassigned,Active,Motor City Machine Guns,Chris Sabin
Alexa Bliss,Female,87.0,Face,SmackDown,Unassigned,Active,Alexa BLiss & Charlotte Flair,Charlotte Flair
Amy Owel,Female,86.0,No Info,TNA,Unassigned,Active,,No Info
Andrade El Idolo,Male,85.0,Face,AEW,Unassigned,Active,,N/A
Andre Bravo,Male,90.0,No Info,TNA,Unassigned,Active,,No Info
Andre Chase,Male,73.0,Face,NXT,Unassigned,Active,,
Andrea Cannon,Female,87.0,Active,TNA,Unassigned,Active,,
Angel,Male,72.0,Heel,AAA,Unassigned,Active,Los Garza,Berto
Angel,Male,72.0,Heel,SmackDown,Unassigned,Active,Los Garza,Berto
Angelo Dawkins,Male,78.0,Tweener,SmackDown,Unassigned,Active,The Street Profits,Montez Ford
Apollo Crews,Male,70.0,Heel,TNA,Unassigned,Active,,
Arik,Male,85.0,Active,TNA,Unassigned,Active,,
Asuka,Female,91.0,Heel,RAW,Unassigned,Active,The Kabuki Warriors,Kairi Sane
Austin Theory,Male,82.0,Heel,RAW,Unassigned,Active,The Vision,"Bron Breakker, Bronson Reed, Logan Paul"
Ax (Demolition),Male,88.0,Heel,Ultra Legends,Unassigned,Active,,"Smash, Crush"
Axiom,Male,75.0,Face,SmackDown,Unassigned,Active,Fraxiom,Nathan Frazer
B-Fab,Female,67.0,Heel,SmackDown,Unassigned,Active,The Takeover,"Jade Cargill, Michin"
Bad Bunny,Male,76.0,No Info,AAA,Unassigned,Active,,
Bandido,Male,84.0,Face,AAA,Unassigned,Active,,N/A
Batista,Male,89.0,Active,RAW,Unassigned,Active,,
Batista,Male,89.0,Active,SmackDown,Unassigned,Active,,
Bayley,Female,89.0,Tweener,RAW,Unassigned,Active,Role Model & Valkyria,Lyra Valkyria
Bayley,Female,89.0,Tweener,AAA,Unassigned,Active,Role Model & Valkyria,Lyra Valkyria
Becky Lynch,Female,94.0,Heel,RAW,Unassigned,Active,,
Berto,Male,72.0,Heel,AAA,Unassigned,Active,Los Garza,Angel
Berto,Male,72.0,Heel,SmackDown,Unassigned,Active,Los Garza,Angel
Bianca Belair,Female,94.0,Face,SmackDown,Unassigned,Active,,
Big Bill,Male,75.0,Active,AEW,Unassigned,Active,,
Big E,Male,85.0,Active,RAW,Unassigned,Active,,
Big Show,Male,81.0,Neutral,AEW,Unassigned,Active,,N/A
Blake Monroe,Female,78.0,Heel,NXT,Unassigned,Active,,
Bobby,Male,76.0,Active,NXT,Unassigned,Active,,
Bobby Ace,Male,58.0,Active,NXT,Unassigned,Active,,
Bobby Fish,Male,84.0,Active,TNA,Unassigned,Active,,
Bobby Lashley,Male,89.0,Face,AEW,Unassigned,Active,,N/A
Bobby Roode,Male,85.0,Active,TNA,Unassigned,Active,,
Booker T,Male,85.0,Active,RAW,Unassigned,Active,,
Booker T,Male,85.0,Active,SmackDown,Unassigned,Active,,
Bravo Americano,Male,76.0,No Info,RAW,Unassigned,Active,Los Americanos,No Info
Bravo Americano,Male,76.0,No Info,AAA,Unassigned,Active,Los Americanos,No Info
Bravoo,Male,100.0,No Info,TNA,Unassigned,Active,,No Info
Bray Wyatt,Male,90.0,Active,Legends,Unassigned,Active,,
Brock Lesnar,Male,94.0,Tweener,RAW,Unassigned,Active,,
Brock Lesnar,Male,94.0,Tweener,SmackDown,Unassigned,Active,,
Brody K1ng,Male,88.0,Active,AEW,Unassigned,Active,House of Black [not the full team],
Bron Breakker,Male,90.0,Heel,RAW,Unassigned,Active,The Vision,"Austin Theory, Bronson Reed, Logan Paul"
Bronson Reed,Male,88.0,Heel,RAW,Unassigned,Active,The Vision,"Austin Theory, Bron Breakker, Logan Paul"
Brooks Jensen,Male,73.0,Heel,NXT,Unassigned,Active,,
Brutus Creed,Male,77.0,Heel,RAW,Unassigned,Active,American Made,"Ivy Nile, Julius Creed"
Brutus Creed,Male,77.0,Heel,AAA,Unassigned,Active,American Made,"Ivy Nile, Julius Creed"
Bryan Danielson,Male,95.0,Active,AEW,Unassigned,Active,,
Bubba Ray Dudley,Male,85.0,Active,TNA,Unassigned,Active,The Dudley Boyz,
Buddy Matthews,Male,85.0,Heel,AEW,Unassigned,Active,House of Black [not the full team],Malakai Black
Bull Nakano,Female,90.0,Active,Ultra Legends,Unassigned,Active,,
Buzz,Male,94.0,Active,AEW,Unassigned,Active,MJF and stable,
Candice LeRae,Female,73.0,Heel,SmackDown,Unassigned,Active,#DIY,
Carly Prime,Female,68.0,Active,NXT,Unassigned,Active,,
Carmelo Hayes,Male,84.0,Face,SmackDown,Unassigned,Active,,
Cash Wheeler,Male,86.0,Face,AEW,Unassigned,Active,FTR,Dax Harwood
Cedric Alexander,Male,80.0,Active,TNA,Unassigned,Active,,
Chad Gable,Male,81.0,Heel,TNA,Unassigned,Active,,
Channing Lorenzo,Male,74.0,Heel,NXT,Unassigned,Active,Birth Right,"Charlie Dempsey, Lexis King"
Charlie Dempsey,Male,75.0,Heel,NXT,Unassigned,Active,Birth Right,"Channing Lorenzo, Lexis King"
Charlotte Flair,Female,93.0,Face,SmackDown,Unassigned,Active,Alexa BLiss & Charlotte Flair,Alexa Bliss
Chase,Male,64.0,Active,NXT,Unassigned,Active,Tre & Chase,
Chelsea Green,Female,85.0,Heel,SmackDown,Unassigned,Active,Chelsea Green & The Secret Hervice,"Alba Fyre, Piper Niven"
Chiyoko Garcia,Female,90.0,Active,AEW,Unassigned,Active,,
Chosen,Male,84.0,Active,AAA,Unassigned,Active,,
Chris Jericho,Male,90.0,Heel,AEW,Unassigned,Active,Old Buddies,N/A
Chris Sabin,Male,80.0,Heel,SmackDown,Unassigned,Active,Motor City Machine Guns,Alex Shelley
Christian Cage,Male,87.0,Heel,AEW,Unassigned,Active,Old Buddies,N/A
Claudio Castagnoli,Male,84.0,Heel,AEW,Unassigned,Active,Death Riders,"Jon Moxley, Wheeler Yuta"
CM Punk,Male,94.0,Face,RAW,Unassigned,Active,AJ Lee & CM Punk,
Cody Rhodes,Male,95.0,Face,SmackDown,Unassigned,Active,,
Cole Quinn,Male,68.0,Active,NXT,Unassigned,Active,,
Crush (Demolition),Male,87.0,Heel,Ultra Legends,Unassigned,Active,,"Ax, Smash"
Cruz Del Toro,Male,73.0,Face,RAW,Unassigned,Active,LWO - Latino World Order,"Dragon Lee, Joaquin Wilde, Rey Mysterio"
Cruz Del Toro,Male,73.0,Face,AAA,Unassigned,Active,LWO - Latino World Order,"Dragon Lee, Joaquin Wilde, Rey Mysterio"
D-Von Dudley,Male,84.0,Active,TNA,Unassigned,Active,The Dudley Boyz,
D’Lo Brown,Male,83.0,Active,Ultra Legends,Unassigned,Active,,
Dakota Kai,Female,80.0,Active,TNA,Unassigned,Active,,
Damian Priest,Male,87.0,Face,SmackDown,Unassigned,Active,Damian Priest & R-Truth,R-Truth
Danhausen,Male,78.0,Face,RAW,Unassigned,Active,,N/A
Danhausen,Male,78.0,Face,SmackDown,Unassigned,Active,,N/A
Daniel Bryan,Male,92.0,Face,AEW,Unassigned,Active,,N/A
Darby Allin,Male,87.0,Face,AEW,Unassigned,Active,Sting & Darby,N/A
David Finlay,Male,86.0,Heel,AEW,Unassigned,Active,,Gabe Kidd
Dax Harwood,Male,86.0,Face,AEW,Unassigned,Active,FTR,Cash Wheeler
Death,Male,99.0,Active,TNA,Unassigned,Active,,
Demon Finn Balor,Male,90.0,Face,Unassigned,Unassigned,Active,,
Dexter Lumis,Male,82.0,Face,SmackDown,Unassigned,Active,The Wyatt Sicks,"Uncle Howdy, Erick Rowan, Joe Gacy, Nikki Cross"
Dirty Dominik Mysterio,Male,87.0,Tweener,RAW,Unassigned,Active,The Judgment Day,"JD McDonagh, Liv Morgan, Raquel Rodriguez, Roxanne Perez"
Dirty Dominik Mysterio,Male,87.0,Tweener,AAA,Unassigned,Active,The Judgment Day,"JD McDonagh, Liv Morgan, Raquel Rodriguez, Roxanne Perez"
Doink The Clown,Male,74.0,Active,Ultra Legends,Unassigned,Active,,
Dr Darren,Male,85.0,Active,TNA,Unassigned,Active,,
Dragon Lee,Male,79.0,Face,RAW,Unassigned,Active,LWO - Latino World Order,"Cruz Del Toro, Joaquin Wilde, Rey Mysterio"
Dragon Lee,Male,79.0,Face,AAA,Unassigned,Active,LWO - Latino World Order,"Cruz Del Toro, Joaquin Wilde, Rey Mysterio"
Dralistico,Male,82.0,Face,AAA,Unassigned,Active,,N/A
Drew McIntyre,Male,93.0,Tweener,SmackDown,Unassigned,Active,,
Dustin Rhodes,Male,86.0,Active,AEW,Unassigned,Active,,
Eddie Kingston,Male,75.0,Active,NXT,Unassigned,Active,,
Edge,Male,91.0,Face,AEW,Unassigned,Active,Old Buddies,N/A
El Bravo,Male,85.0,No Info,AAA,Unassigned,Active,,No Info
El Grande Americano,Male,85.0,Tweener,RAW,Unassigned,Active,Los Americanos,
El Grande Americano,Male,85.0,Tweener,AAA,Unassigned,Active,Los Americanos,
El Hijo del Vikingo - Ringside Pass Season 1,Male,86.0,Active,AAA,Unassigned,Active,,
El Mago Jr,Male,74.0,Active,AAA,Unassigned,Active,,
EL Ordinario,Male,73.0,Active,AAA,Unassigned,Active,,
El Verdugo,Male,89.0,Active,AEW,Unassigned,Active,,
Elayna Black,Female,79.0,Heel,NXT,Unassigned,Active,,N/A
Elton Prince,Male,71.0,Tweener,NXT,Unassigned,Active,Pretty Deadly,Kit Wilson
Emily Ward,Female,85.0,Active,TNA,Unassigned,Active,,
Enzo Amore,Male,74.0,Active,TNA,Unassigned,Active,,
Eric Bischoff,Male,58.0,Active,TNA,Unassigned,Active,,
Erick Rowan,Male,80.0,Face,SmackDown,Unassigned,Active,The Wyatt Sicks,"Uncle Howdy, Dexter Lumis, Joe Gacy, Nikki Cross"
Erik,Male,78.0,Heel,RAW,Unassigned,Active,The War Raiders,Ivar
Ethan Page,Male,83.0,Heel,RAW,Unassigned,Active,,
Eve Torres,Female,85.0,Active,TNA,Unassigned,Active,,
Fallon Henley,Female,78.0,Heel,SmackDown,Unassigned,Active,The Fatal Influence,Jacy Jayne
Finn Bálor,Male,88.0,Face,RAW,Unassigned,Active,,
Flammer - Ringside Pass Season 1,Female,85.0,Active,AAA,Unassigned,Active,Las Toxicas,
Gabriel Slade,Male,83.0,Active,AAA,Unassigned,Active,,
Galeno Del Tormento,Male,75.0,No Info,AAA,Unassigned,Active,,
Geneva Rose,Female,70.0,Active,Unassigned,Unassigned,Active,,
Giant Gonzalez,Male,84.0,Active,TNA,Unassigned,Active,,
Giulia,Female,86.0,Tweener,SmackDown,Unassigned,Active,Giulia & Kiana James,Kiana James
Goldberg,Male,90.0,Active,RAW,Unassigned,Active,,
Goldberg,Male,90.0,Active,SmackDown,Unassigned,Active,,
Golddust,Male,83.0,Face,TNA,Unassigned,Active,,N/A
Grayson Waller,Male,73.0,Heel,RAW,Unassigned,Active,The New Day,
Great Khali,Male,86.0,Active,TNA,Unassigned,Active,,
Gunther,Male,93.0,Tweener,SmackDown,Unassigned,Active,,
Hank Walker,Male,77.0,Face,NXT,Unassigned,Active,Hank & Tank,Tank Ledger
Hector Flores,Male,77.0,Active,TNA,Unassigned,Active,,
Hijo Del Dr. Wagner Jr,Male,85.0,Face,AAA,Unassigned,Active,,N/A
Hikaru Shida,Female,92.0,Active,AEW,Unassigned,Active,,
Hope Eternal,Female,94.0,No Info,TNA,Unassigned,Active,Red Eternal,No Info
Ilja Dragunov,Male,85.0,Face,SmackDown,Unassigned,Active,,
IShowSpeed,Male,81.0,Active,RAW,Unassigned,Active,,
IShowSpeed,Male,81.0,Active,SmackDown,Unassigned,Active,,
Ivar,Male,79.0,Heel,RAW,Unassigned,Active,The War Raiders,Erik
Ivy Nile,Female,76.0,Tweener,RAW,Unassigned,Active,American Made,"Brutus Creed, Julius Creed"
Iyo Sky,Female,93.0,Tweener,RAW,Unassigned,Active,Rhiyo,
Izzi Dame,Female,76.0,Heel,NXT,Unassigned,Active,The Culling,Shawn Spears
Jack Swagger,Male,81.0,Heel,TNA,Unassigned,Active,,N/A
Jacob Fatu,Male,88.0,Face,RAW,Unassigned,Active,,
Jacy Jayne,Female,80.0,Tweener,SmackDown,Unassigned,Active,The Fatal Influence,Fallon Henley
Jade Cargill,Female,88.0,Tweener,SmackDown,Unassigned,Active,The Takeover,"B-Fab, Michin"
Jaida Parker,Female,77.0,Face,NXT,Unassigned,Active,,
Jake Bone Jones,Male,95.0,Active,TNA,Unassigned,Active,,
Jake Paul,Male,86.0,Active,RAW,Unassigned,Active,,
Jamal,Male,82.0,Active,Ultra Legends,Unassigned,Active,3 Minute Warning,
Jamie Hayter,Female,88.0,Face,AEW,Unassigned,Active,,N/A
Jay White,Male,89.0,Heel,AEW,Unassigned,Active,,Juice Robinson
Jazmyn Nyx,Female,72.0,Active,SmackDown,Unassigned,Active,The Fatal Influence,
JBL,Male,89.0,Active,Legends,Unassigned,Active,,
JC Mateo,Male,82.0,Heel,SmackDown,Unassigned,Active,MFT,"Solo Sikoa, Talla Tonga, Tama Tonga, Tonga Loa"
JD McDonagh,Male,79.0,Heel,RAW,Unassigned,Active,The Judgment Day,"Dominik Mysterio, Liv Morgan, Raquel Rodriguez, Roxanne Perez"
Je'Von Evans,Male,78.0,Face,RAW,Unassigned,Active,,
Jee Yung,Female,97.0,No Info,TNA,Unassigned,Active,,No Info
Jeff Hardy,Male,93.0,Active,TNA,Unassigned,Active,,
Jessika Carr [Kalyx],Female,82.0,Active,TNA,Unassigned,Active,,
Jey Uso,Male,91.0,Face,RAW,Unassigned,Active,The Usos,Jimmy Uso
Jhon Reaper,Male,85.0,Active,TNA,Unassigned,Active,,
Jimmy Uso,Male,86.0,Face,RAW,Unassigned,Active,The Usos,Jey Uso
Joaquin Wilde,Male,72.0,Face,RAW,Unassigned,Active,LWO - Latino World Order,"Cruz Del Toro, Dragon Lee, Rey Mysterio"
Joaquin Wilde,Male,72.0,Face,AAA,Unassigned,Active,LWO - Latino World Order,"Cruz Del Toro, Dragon Lee, Rey Mysterio"
Jodie Garcia,Female,87.0,Active,TNA,Unassigned,Active,,
Joe Gacy,Male,82.0,Face,SmackDown,Unassigned,Active,The Wyatt Sicks,"Uncle Howdy, Dexter Lumis, Erick Rowan, Nikki Cross"
Joe Hendry,Male,80.0,Face,RAW,Unassigned,Active,,
Joe Hendry,Male,80.0,Face,TNA,Unassigned,Active,,
John Cena,Male,97.0,Active,RAW,Unassigned,Active,,
John Cena,Male,97.0,Active,SmackDown,Unassigned,Active,,
John Morrison,Male,85.0,Face,AEW,Unassigned,Active,,N/A
Johnny Gargano,Male,76.0,Heel,SmackDown,Unassigned,Active,#DIY,
Jon Moxley,Male,91.0,Neutral,AEW,Unassigned,Active,Death Riders,N/A
Jordynne Grace,Female,81.0,Face,NXT,Unassigned,Active,,
Josh Briggs,Male,74.0,Heel,NXT,Unassigned,Active,,
Josie Jane,Female,74.0,Active,TNA,Unassigned,Active,,
Juice Robinson,Male,91.0,Active,AEW,Unassigned,Active,,
Julia Hart,Female,82.0,Heel,AEW,Unassigned,Active,House of Black [not the full team],Brody King
Julianne Meadow,Female,86.0,Active,AEW,Unassigned,Active,,
Julius Creed,Male,78.0,Heel,RAW,Unassigned,Active,American Made,"Brutus Creed, Ivy Nile"
Julius Creed,Male,78.0,Heel,AAA,Unassigned,Active,American Made,"Brutus Creed, Ivy Nile"
Junkyard Dog,Male,84.0,Active,Ultra Legends,Unassigned,Active,,
Justine,Female,80.0,Active,Unassigned,Unassigned,Active,,
Juventud Guerrera,Male,85.0,Active,AEW,Unassigned,Active,,
Kairi Sane,Female,84.0,Heel,RAW,Unassigned,Active,The Kabuki Warriors,Asuka
Kalisto,Male,81.0,Face,AAA,Unassigned,Active,Lucha House Party,Sin Cara
Kane,Male,79.0,Active,Legends,Unassigned,Active,Brothers of Destruction,
Karmen Petrovic,Female,75.0,Heel,NXT,Unassigned,Active,,
Kathryn Wolf,Female,75.0,No Info,TNA,Unassigned,Active,,No Info
Kaven Wright,Male,92.0,Active,TNA,Unassigned,Active,,
Kelani Jordan,Female,79.0,Heel,NXT,Unassigned,Active,,
Kelly Kelly,Female,82.0,Face,SmackDown,Unassigned,Active,,N/A
Ken Shamrock,Male,86.0,Active,Legends,Unassigned,Active,,
Kenny Omega,Male,93.0,Face,AEW,Unassigned,Active,,N/A
Kevin Owens,Male,87.0,Heel,SmackDown,Unassigned,Active,,
Kiana James,Female,73.0,Tweener,SmackDown,Unassigned,Active,Giulia & Kiana James,Giulia
Killer Kross,Male,84.0,Heel,TNA,Unassigned,Active,,N/A
Kit Wilson,Male,74.0,Heel,SmackDown,Unassigned,Active,Pretty Deadly,Elton Prince
Kofi Kingston,Male,83.0,Heel,RAW,Unassigned,Active,The New Day,Xavier Woods
Konosuke Takeshita,Male,87.0,Heel,AEW,Unassigned,Active,,N/A
Kris Statlander,Female,85.0,Face,TNA,Unassigned,Active,,N/A
Kujo,Female,92.0,Active,TNA,Unassigned,Active,,
Kurt Angle,Male,89.0,Active,TNA,Unassigned,Active,,
Kyle Fletcher,Male,82.0,Heel,AEW,Unassigned,Active,,N/A
Kyle O'Reilly,Male,84.0,Active,AEW,Unassigned,Active,,
La Cangrejita Loca,Female,64.0,Active,AAA,Unassigned,Active,,
La Hiedra,Female,83.0,Heel,AAA,Unassigned,Active,Las Toxicas,Flammer
LA Knight,Male,89.0,Face,RAW,Unassigned,Active,,
La Park,Male,86.0,Neutral,AAA,Unassigned,Active,LA Park's,N/A
La Parka,Male,86.0,Neutral,AAA,Unassigned,Active,LA Park's,N/A
Lady Hiedra,Female,90.0,Active,AAA,Unassigned,Active,,
Lady Maravilla,Female,81.0,Heel,AAA,Unassigned,Active,,N/A
Lady Marvilla,Female,75.0,Active,AAA,Unassigned,Active,,
Laredo Kid,Male,82.0,Face,AAA,Unassigned,Active,,N/A
Lash Legend,Female,81.0,Tweener,SmackDown,Unassigned,Active,The Irresistible Forces,Nia Jax
Latt Jackson (Matt),Male,88.0,Heel,AEW,Unassigned,Active,Young Bucks,Nick Jackson
Leo the Lion,Male,82.0,Active,TNA,Unassigned,Active,,
Lexis King,Male,74.0,Heel,NXT,Unassigned,Active,Birth Right,"Channing Lorenzo, Charlie Dempsey"
Lince Dorado,Male,79.0,Face,AAA,Unassigned,Active,Lucha House Party,Kalisto
Lita,Female,87.0,Active,SmackDown,Unassigned,Active,,
Liv Morgan,Female,92.0,Tweener,RAW,Unassigned,Active,The Judgment Day,"Dominik Mysterio, JD McDonagh, Raquel Rodriguez, Roxanne Perez"
LJ,Female,88.0,Active,AEW,Unassigned,Active,Local Rift,
Lock,Male,88.0,Active,AEW,Unassigned,Active,MJF and stable,
Logan Paul,Male,90.0,Heel,RAW,Unassigned,Active,The Vision,"Austin Theory, Bron Breakker, Bronson Reed"
Lola Vice,Female,78.0,Face,NXT,Unassigned,Active,,
Luchasaurus,Male,89.0,Active,AEW,Unassigned,Active,,
Ludwig Kaiser,Male,77.0,Heel,RAW,Unassigned,Active,,
Lyra Valkyria,Female,84.0,Tweener,RAW,Unassigned,Active,Role Model & Valkyria,Bayley
Marina Shafir,Female,80.0,No Info,AEW,Unassigned,Active,,
Mark Henry,Male,92.0,Active,SmackDown,Unassigned,Active,,
Maryse,Female,79.0,Active,SmackDown,Unassigned,Active,The Miz & Maryse,
Matt Cardona,Male,85.0,Heel,TNA,Unassigned,Active,,N/A
Matt Cardona,Male,85.0,Heel,SmackDown,Unassigned,Active,,N/A
Max Roode,Male,85.0,Active,TNA,Unassigned,Active,,
Maxxine Dupri,Female,78.0,Tweener,RAW,Unassigned,Active,Alpha Academy,"Akira Tozawa, Otis"
Megan Bayne,Female,84.0,Heel,AEW,Unassigned,Active,,N/A
Mercedes Mone,Female,91.0,Heel,AEW,Unassigned,Active,,N/A
Michelle McCool,Female,85.0,Active,Legends,Unassigned,Active,Undertakers WIfe [not in roaster],
Michin,Female,82.0,Heel,SmackDown,Unassigned,Active,The Takeover,"B-Fab, Jade Cargill"
Mike Savage,Male,91.0,Active,AEW,Unassigned,Active,,
Mike Tyson,Male,87.0,Active,RAW,Unassigned,Active,,
Mil Muertes,Male,85.0,Heel,AAA,Unassigned,Active,,N/A
Mio Jogasaki,Female,72.0,No Info,NXT,Unassigned,Active,,No Info
Mistico,Male,86.0,Face,AAA,Unassigned,Active,,N/A
Miz,Male,80.0,Heel,SmackDown,Unassigned,Active,The Miz & Maryse,
MJF,Male,91.0,Heel,AEW,Unassigned,Active,MJF and stable,N/A
Montez Ford,Male,80.0,Tweener,SmackDown,Unassigned,Active,The Street Profits,Angelo Dawkins
Mosh,Male,76.0,Active,Ultra Legends,Unassigned,Active,The Head Bangers,
Mr. Iguana - Ringside Pass Season 1,Male,81.0,Active,AAA,Unassigned,Active,,
MVP,Male,82.0,Active,AEW,Unassigned,Active,,
Myles Borne,Male,75.0,Face,NXT,Unassigned,Active,,
Naomi,Female,92.0,Tweener,RAW,Unassigned,Active,,
Natalya,Female,86.0,Heel,RAW,Unassigned,Active,,
Nathan Frazer,Male,76.0,Face,SmackDown,Unassigned,Active,Fraxiom,Axiom
New Jack,Male,86.0,Active,Ultra Legends,Unassigned,Active,,
Nia Jax,Female,88.0,Tweener,SmackDown,Unassigned,Active,The Irresistible Forces,Lash Legend
Nic Nemeth,Male,87.0,Face,TNA,Unassigned,Active,,N/A
Nick Aldis,Male,80.0,Face,TNA,Unassigned,Active,,
Nick Aldis,Male,80.0,Face,SmackDown,Unassigned,Active,,
Nick Jackson,Male,88.0,Heel,AEW,Unassigned,Active,Young Bucks,Matt Jackson
Nikki Bella,Female,88.0,Tweener,RAW,Unassigned,Active,,
Nikki Cross,Female,73.0,Face,SmackDown,Unassigned,Active,The Wyatt Sicks,"Uncle Howdy, Dexter Lumis, Erick Rowan, Joe Gacy"
Nikkita Lyons,Female,73.0,Heel,NXT,Unassigned,Active,,
Niko Vance,Male,76.0,Active,NXT,Unassigned,Active,,
Noam Dar,Male,76.0,Tweener,NXT,Unassigned,Active,,
Oba Femi,Male,85.0,Face,RAW,Unassigned,Active,,
Octagon Jr,Male,83.0,Face,AAA,Unassigned,Active,,N/A
Odyssey Rift,Female,74.0,Active,AEW,Unassigned,Active,Local Rift,
Okada,Male,94.0,Heel,AEW,Unassigned,Active,,N/A
Omos,Male,80.0,Tweener,RAW,Unassigned,Active,,
Orange Casidy,Male,90.0,Active,AEW,Unassigned,Active,,
Original El Grande Americano,Male,85.0,Tweener,RAW,Unassigned,Active,,
Original El Grande Americano,Male,85.0,Tweener,AAA,Unassigned,Active,,
Otis,Male,75.0,Face,RAW,Unassigned,Active,Alpha Academy,"Akira Tozawa, Maxxine Dupri"
Pac,Male,86.0,Neutral,AEW,Unassigned,Active,Death Riders,N/A
Paige (Saraya),Female,88.0,Heel,SmackDown,Unassigned,Active,,N/A
Paragon Jay Pierce,Male,86.0,Active,TNA,Unassigned,Active,,
Pat McAfee,Male,80.0,Active,Legends,Unassigned,Active,,
Penta,Male,84.0,Face,RAW,Unassigned,Active,,
Penta,Male,84.0,Face,AAA,Unassigned,Active,,
Perry Saturn,Male,83.0,Neutral,AEW,Unassigned,Active,The Flock [not the full team],Raven
Pete Dunne,Male,76.0,Heel,TNA,Unassigned,Active,,
Piper Niven,Female,79.0,Heel,SmackDown,Unassigned,Active,Chelsea Green & The Secret Hervice,"Alba Fyre, Chelsea Green"
Psycho Clown - Ringside Pass Season 1,Male,84.0,Active,AAA,Unassigned,Active,,
Psyco Sally,Female,67.0,Active,NXT,Unassigned,Active,,
R-Truth,Male,80.0,Face,SmackDown,Unassigned,Active,Damian Priest & R-Truth,Damian Priest
Raiden Yuri,Female,86.0,Active,TNA,Unassigned,Active,,
Randy Orton,Male,92.0,Tweener,SmackDown,Unassigned,Active,,
Raquel Rodriguez,Female,86.0,Tweener,RAW,Unassigned,Active,The Judgment Day,"Dominik Mysterio, JD McDonagh, Liv Morgan, Roxanne Perez"
Raven,Male,86.0,Heel,AEW,Unassigned,Active,The Flock [not the full team],Saturn
Ravo Americano,Male,76.0,No Info,RAW,Unassigned,Active,Los Americanos,No Info
Ravo Americano,Male,76.0,No Info,AAA,Unassigned,Active,Los Americanos,No Info
Rayo Fantasma,Male,75.0,No Info,AAA,Unassigned,Active,,No Info
Red,Female,93.0,Active,TNA,Unassigned,Active,Red Eternal,
Reina Dorada,Female,80.0,Face,AAA,Unassigned,Active,,N/A
Réy Fenix,Male,78.0,Face,AAA,Unassigned,Active,,
Réy Fenix,Male,78.0,Face,SmackDown,Unassigned,Active,,
Rey Mysterio,Male,85.0,Face,RAW,Unassigned,Active,LWO - Latino World Order,"Cruz Del Toro, Dragon Lee, Joaquin Wilde"
Rey Mysterio,Male,85.0,Face,AAA,Unassigned,Active,LWO - Latino World Order,"Cruz Del Toro, Dragon Lee, Joaquin Wilde"
Rhea Ripley,Female,96.0,Face,SmackDown,Unassigned,Active,Rhiyo,
Ricky Saints,Male,81.0,Heel,NXT,Unassigned,Active,,
Ricky Sosa,Male,83.0,No Info,TNA,Unassigned,Active,,No Info
Ricochet,Male,85.0,Face,AEW,Unassigned,Active,,N/A
Ridge Holland,Male,74.0,Heel,NXT,Unassigned,Active,,
Rikishi,Male,81.0,Active,Ultra Legends,Unassigned,Active,,
Road Dogg,Male,80.0,Active,TNA,Unassigned,Active,,
Rob Van Dam,Male,90.0,Active,TNA,Unassigned,Active,,
Rock,Male,95.0,Active,RAW,Unassigned,Active,,
Rock,Male,95.0,Active,SmackDown,Unassigned,Active,,
Roddy Piper,Male,84.0,Active,Ultra Legends,Unassigned,Active,,
Roman Reigns,Male,95.0,Face,RAW,Unassigned,Active,,
Ronda Rousey,Female,94.0,Active,TNA,Unassigned,Active,,
Rosey,Male,80.0,Active,Ultra Legends,Unassigned,Active,3 Minute Warning,
Roxanne Perez,Female,85.0,Heel,RAW,Unassigned,Active,The Judgment Day,"Dominik Mysterio, JD McDonagh, Liv Morgan, Raquel Rodriguez"
Royce Keys,Male,80.0,Face,TNA,Unassigned,Active,,Jorel Nelson
Royce Keys,Male,80.0,Face,SmackDown,Unassigned,Active,,Jorel Nelson
Rusev,Male,83.0,Heel,RAW,Unassigned,Active,,
Ryback,Male,84.0,Heel,AEW,Unassigned,Active,MJF and stable,N/A
Sami Zayn,Male,89.0,Face,SmackDown,Unassigned,Active,,
Samoa Joe,Male,90.0,Heel,AEW,Unassigned,Active,,N/A
Sandman,Male,86.0,Active,Ultra Legends,Unassigned,Active,,
Santos Escobar,Male,76.0,Heel,SmackDown,Unassigned,Active,,
Saya Kamitani,Female,86.0,Face,TNA,Unassigned,Active,,Utami
Scott Hall,Male,87.0,Active,Ultra Legends,Unassigned,Active,,
"Seth ""Freakin"" Rollins",Male,94.0,Face,RAW,Unassigned,Active,,
Shane Talyor,Male,81.0,Active,AEW,Unassigned,Active,,
Shawn Michaels,Male,87.0,Active,RAW,Unassigned,Active,D-Generation X,
Shawn Michaels,Male,87.0,Active,NXT,Unassigned,Active,D-Generation X,
Shawn Michaels,Male,87.0,Active,SmackDown,Unassigned,Active,D-Generation X,
Shawn Spears,Male,75.0,Heel,NXT,Unassigned,Active,The Culling,Izzi Dame
Sheamus,Male,86.0,Face,RAW,Unassigned,Active,,
Shinsuke Nakamura,Male,86.0,Face,SmackDown,Unassigned,Active,,
Shyvana,Female,89.0,Active,TNA,Unassigned,Active,,
Sin Cara,Male,81.0,Face,AAA,Unassigned,Active,Lucha House Party,Kalisto
Skye Blue,Female,90.0,Active,AEW,Unassigned,Active,,
Slade,Male,92.0,Active,Unassigned,Unassigned,Active,,
Smash (Demolition),Male,88.0,Heel,Ultra Legends,Unassigned,Active,,"Ax, Crush"
Sol Ruca,Female,77.0,Face,RAW,Unassigned,Active,,
Solo Sikoa,Male,85.0,Heel,SmackDown,Unassigned,Active,MFT,"JC Mateo, Talla Tonga, Tama Tonga, Tonga Loa"
Sombra Del Rayo,Male,89.0,No Info,AAA,Unassigned,Active,,No Info
Stacy Keibler,Female,75.0,Active,TNA,Unassigned,Active,,
Stephanie McMahon,Female,75.0,Active,RAW,Unassigned,Active,,
Stephanie McMahon,Female,75.0,Active,SmackDown,Unassigned,Active,,
Stephanie Vaquer,Female,92.0,Tweener,RAW,Unassigned,Active,,
Stone Cold Steve Austin,Male,97.0,Active,Legends,Unassigned,Active,,
String (Sting),Male,92.0,Face,AEW,Unassigned,Active,Sting & Darby,N/A
Suicide,Male,79.0,Neutral,AAA,Unassigned,Active,,N/A
Swerve,Male,91.0,Face,AEW,Unassigned,Active,,N/A
Talla Tonga,Male,77.0,Heel,SmackDown,Unassigned,Active,MFT,"JC Mateo, Solo Sikoa, Tama Tonga, Tonga Loa"
Tama Tonga,Male,83.0,Heel,SmackDown,Unassigned,Active,MFT,"JC Mateo, Solo Sikoa, Talla Tonga, Tonga Loa"
Tank Ledger,Male,77.0,Face,NXT,Unassigned,Active,Hank & Tank,Hank Walker
Tatum Paxley,Female,75.0,Face,NXT,Unassigned,Active,,
Tavion Heights,Male,76.0,Face,NXT,Unassigned,Active,,
Tavish,Male,76.0,Active,TNA,Unassigned,Active,,
Terry Funk,Male,87.0,Active,Ultra Legends,Unassigned,Active,,
The Fiend,Male,92.0,Active,Legends,Unassigned,Active,,
The Fiend Bray Wyatt,Male,92.0,Active,Unassigned,Unassigned,Active,,
The Miedo,Male,89.0,Active,TNA,Unassigned,Active,,
Thea Hail,Female,75.0,Face,NXT,Unassigned,Active,,
Thrasher,Male,76.0,Active,Ultra Legends,Unassigned,Active,The Head Bangers,
Tiffany Stratton,Female,91.0,Face,SmackDown,Unassigned,Active,,
Tommaso Ciampa,Male,77.0,Heel,AEW,Unassigned,Active,,
Tonga Loa,Male,79.0,Heel,SmackDown,Unassigned,Active,MFT,"JC Mateo, Solo Sikoa, Talla Tonga, Tama Tonga"
Toni Storm,Female,95.0,Active,AEW,Unassigned,Active,,
Tony D'Angelo,Male,79.0,Tweener,NXT,Unassigned,Active,,
TRE,Male,86.0,Active,NXT,Unassigned,Active,Tre & Chase,
Trick Williams,Male,84.0,Heel,SmackDown,Unassigned,Active,,
Triple H,Male,91.0,Active,RAW,Unassigned,Active,D-Generation X,
Triple H,Male,91.0,Active,SmackDown,Unassigned,Active,D-Generation X,
Trish Stratus,Female,89.0,Active,Legends,Unassigned,Active,,
Tyler Bate,Male,76.0,Face,NXT,Unassigned,Active,,
Tyler Breeze,Male,75.0,Tweener,NXT,Unassigned,Active,,
Tyson Kidd,Male,82.0,Active,NXT,Unassigned,Active,,
Uncle Howdy,Male,87.0,Face,SmackDown,Unassigned,Active,The Wyatt Sicks,"Dexter Lumis, Erick Rowan, Joe Gacy, Nikki Cross"
Undertaker,Male,96.0,Active,Legends,Unassigned,Active,Brothers of Destruction,
Utami,Female,93.0,Active,TNA,Unassigned,Active,,
Vader,Male,87.0,Active,Ultra Legends,Unassigned,Active,,
Venom Miss,Female,98.0,No Info,AEW,Unassigned,Active,,No Info
Victoria,Female,89.0,Active,Legends,Unassigned,Active,,
Wade Barrett,Male,85.0,Active,SmackDown,Unassigned,Active,,
Wendy Choo,Female,72.0,Heel,NXT,Unassigned,Active,,
Wheeler Yuta,Male,82.0,Active,AEW,Unassigned,Active,Death Riders,
Will Ospreay,Male,88.0,Face,AEW,Unassigned,Active,,N/A
William Regal,Male,76.0,Active,NXT,Unassigned,Active,,
Wren Sinclair,Female,74.0,Face,NXT,Unassigned,Active,,
Xavier Woods,Male,82.0,Heel,RAW,Unassigned,Active,The New Day,Kofi Kingston
Yoshiki Inamura,Male,75.0,Face,NXT,Unassigned,Active,,
Zaria,Female,75.0,Tweener,NXT,Unassigned,Active,,
Zelina Vega,Female,83.0,Tweener,AEW,Unassigned,Active,House of Black,
Zoey Stark,Female,80.0,Heel,NXT,Unassigned,Active,,
Evil,Male,84.0,Active,TNA,Unassigned,Active,,
Evil,Male,84.0,Active,NXT,Unassigned,Active,,
Mason Rook,Male,83.0,Active,NXT,Unassigned,Active,,
