name,show,division,status
Big Show,Legends,Unassigned,Face
John Cena,Legends,97.0,Active
Stone Cold Steve Austin,Legends,97.0,Active
Rhea Ripley,SmackDown,96.0,Face
Undertaker,Legends,96.0,Active
Cody Rhodes,SmackDown,95.0,Face
Roman Reigns,SmackDown,95.0,Face
The Rock,Legends,95.0,Active
Becky Lynch,RAW,94.0,Heel
Bianca Belair,SmackDown,94.0,Face
Brock Lesnar,RAW,94.0,Tweener
Buzz,RAW,94.0,Active
CM Punk,RAW,94.0,Face
"Seth ""Freakin"" Rollins",RAW,94.0,Face
Charlotte Flair,SmackDown,93.0,Face
Drew McIntyre,SmackDown,93.0,Tweener
Gunther,RAW,93.0,Tweener
Iyo Sky,RAW,93.0,Tweener
Red,RAW,93.0,Active
Liv Morgan,RAW,92.0,Tweener
Mark Henry,Legends,92.0,Active
Naomi,RAW,92.0,Tweener
Randy Orton,SmackDown,92.0,Tweener
Slade,RAW,92.0,Active
Stephanie Vaquer,RAW,92.0,Tweener
The Fiend,Legends,92.0,Active
THe Fiend Bray Wyatt,RAW,92.0,Active
Asuka,RAW,91.0,Heel
Jey Uso,RAW,91.0,Face
Tiffany Stratton,SmackDown,91.0,Face
Triple H,Legends,91.0,Active
Bray Wyatt,Legends,90.0,Active
Bron Breakker,RAW,90.0,Heel
Bull Nakano,Legends,90.0,Active
Demon Finn Balor,RAW,90.0,Face
Goldberg,Legends,90.0,Active
Logan Paul,RAW,90.0,Heel
Rob Van Dam,Legends,90.0,Active
Batista,Legends,89.0,Active
Bayley,RAW,89.0,Tweener
JBL,Legends,89.0,Active
Kurt Angle,Legends,89.0,Active
LA Knight,RAW,89.0,Face
Sami Zayn,SmackDown,89.0,Face
Trish Stratus,Legends,89.0,Active
Victoria,Legends,89.0,Active
AJ Styles,SmackDown,88.0,Face
Bronson Reed,RAW,88.0,Heel
Finn Bálor,RAW,88.0,Face
Jacob Fatu,SmackDown,88.0,Face
Jade Cargill,SmackDown,88.0,Tweener
LJ,RAW,88.0,Active
Lock,RAW,88.0,Active
Nia Jax,SmackDown,88.0,Tweener
Nikki Bella,RAW,88.0,Tweener
AJ Lee,RAW,87.0,Face
Alexa Bliss,SmackDown,87.0,Face
Damian Priest,SmackDown,87.0,Face
Dirty Dominik Mysterio,RAW,87.0,Tweener
Kevin Owens,SmackDown,87.0,Heel
Lita,Legends,87.0,Active
Scott Hall,Legends,87.0,Active
Shawn Michaels,NXT,87.0,Active
Terry Funk,Legends,87.0,Active
Uncle Howdy,SmackDown,87.0,Face
Vader,Legends,87.0,Active
El Hijo del Vikingo - Ringside Pass Season 1,AAA,86.0,Active
Giulia,SmackDown,86.0,Tweener
Jimmy Uso,RAW,86.0,Face
Ken Shamrock,Legends,86.0,Active
Natalya,RAW,86.0,Heel
New Jack,Legends,86.0,Active
Paragon Jay Pierce,RAW,86.0,Active
Raquel Rodriguez,RAW,86.0,Tweener
Sandman,Legends,86.0,Active
Sheamus,RAW,86.0,Face
Shinsuke Nakamura,SmackDown,86.0,Face
The Great Khali,Legends,86.0,Active
TRE,RAW,86.0,Active
Abyss,Legends,85.0,Heel
Big E,Other WWE,85.0,Active
Booker T,NXT,85.0,Active
Bubba Ray Dudley,Legends,85.0,Active
Chelsea Green,SmackDown,85.0,Heel
El Grande Americano,RAW,85.0,Tweener
Eve Torres,Legends,85.0,Active
Flammer - Ringside Pass Season 1,AAA,85.0,Active
Ilja Dragunov,SmackDown,85.0,Face
Michelle McCool,Legends,85.0,Active
Oba Femi,RAW,85.0,Face
Original El Grande Americano,RAW,85.0,Tweener
Rey Mysterio,RAW,85.0,Face
Roxanne Perez,RAW,85.0,Heel
Solo Sikoa,SmackDown,85.0,Heel
Wade Barrett,SmackDown,85.0,Active
Aleister Black,SmackDown,84.0,Heel
Carmelo Hayes,SmackDown,84.0,Face
D-Von Dudley,Legends,84.0,Active
Junkyard Dog,Legends,84.0,Active
Kairi Sane,RAW,84.0,Heel
Lyra Valkyria,RAW,84.0,Tweener
Penta,RAW,84.0,Face
Psycho Clown - Ringside Pass Season 1,AAA,84.0,Active
Roddy Piper,Legends,84.0,Active
Trick Williams,SmackDown,84.0,Heel
D’Lo Brown,Legends,83.0,Active
Ethan Page,NXT,83.0,Heel
Gabriel Slade,RAW,83.0,Active
Kofi Kingston,RAW,83.0,Heel
Rusev,RAW,83.0,Heel
Tama Tonga,SmackDown,83.0,Heel
Zelina Vega,SmackDown,83.0,Tweener
Austin Theory,RAW,82.0,Heel
Dexter Lumis,SmackDown,82.0,Face
Jamal,Legends,82.0,Active
JC Mateo,SmackDown,82.0,Heel
Joe Gacy,SmackDown,82.0,Face
Michin,SmackDown,82.0,Heel
Xavier Woods,RAW,82.0,Heel
Chad Gable,RAW,81.0,Heel
Jordynne Grace,SmackDown,81.0,Face
Lash Legend,SmackDown,81.0,Tweener
Mr. Iguana - Ringside Pass Season 1,AAA,81.0,Active
Ricky Saints,NXT,81.0,Heel
Alex Shelley,SmackDown,80.0,Heel
Chris Sabin,SmackDown,80.0,Heel
Erick Rowan,SmackDown,80.0,Face
Jacy Jayne,NXT,80.0,Tweener
Joe Hendry,NXT,80.0,Face
Justine,RAW,80.0,Active
Miz,SmackDown,80.0,Heel
Montez Ford,SmackDown,80.0,Tweener
Omos,RAW,80.0,Tweener
Pat McAfee,RAW,80.0,Active
Rosey,Legends,80.0,Active
R-Truth,SmackDown,80.0,Face
Zoey Stark,RAW,80.0,Heel
Dragon Lee,RAW,79.0,Face
Ivar,RAW,79.0,Heel
JD McDonagh,RAW,79.0,Heel
Kane,Legends,79.0,Active
Kelani Jordan,NXT,79.0,Heel
Maryse,Other WWE,79.0,Active
Piper Niven,SmackDown,79.0,Heel
Tonga Loa,SmackDown,79.0,Heel
Tony D'Angelo,NXT,79.0,Tweener
Angelo Dawkins,SmackDown,78.0,Tweener
Blake Monroe,NXT,78.0,Heel
Erik,RAW,78.0,Heel
Fallon Henley,NXT,78.0,Heel
Je'Von Evans,RAW,78.0,Face
Julius Creed,RAW,78.0,Heel
Lola Vice,NXT,78.0,Face
Maxxine Dupri,RAW,78.0,Tweener
Réy Fenix,SmackDown,78.0,Face
Alba Fyre,SmackDown,77.0,Heel
Brutus Creed,RAW,77.0,Heel
Hank Walker,NXT,77.0,Face
Hector Flores,RAW,77.0,Active
Jaida Parker,NXT,77.0,Face
Ludwig Kaiser,RAW,77.0,Heel
Sol Ruca,NXT,77.0,Face
Talla Tonga,SmackDown,77.0,Heel
Tank Ledger,NXT,77.0,Face
Tommaso Ciampa,RAW,77.0,Heel
Ivy Nile,RAW,76.0,Tweener
Izzi Dame,NXT,76.0,Heel
Johnny Gargano,NXT,76.0,Heel
Mosh,Legends,76.0,Active
Nathan Frazer,SmackDown,76.0,Face
Noam Dar,NXT,76.0,Tweener
Pete Dunne,RAW,76.0,Heel
Santos Escobar,SmackDown,76.0,Heel
Tavion Heights,NXT,76.0,Face
Thrasher,Legends,76.0,Active
Tyler Bate,RAW,76.0,Face
William Regal,NXT,76.0,Active
Axiom,SmackDown,75.0,Face
Charlie Dempsey,NXT,75.0,Heel
Karmen Petrovic,NXT,75.0,Heel
Myles Borne,NXT,75.0,Face
Otis,RAW,75.0,Face
Shawn Spears,NXT,75.0,Heel
Stacy Keibler,Legends,75.0,Active
Stephanie McMahon,Other WWE,75.0,Active
Tatum Paxley,NXT,75.0,Face
Thea Hail,NXT,75.0,Face
Tyler Breeze,NXT,75.0,Tweener
Yoshiki Inamura,NXT,75.0,Face
Zaria,NXT,75.0,Tweener
Channing Lorenzo,NXT,74.0,Heel
Doink The Clown,Legends,74.0,Active
El Mago Jr,RAW,74.0,Active
Josh Briggs,NXT,74.0,Heel
Josie Jane,RAW,74.0,Active
Kit Wilson,SmackDown,74.0,Heel
Lexis King,NXT,74.0,Heel
Odyssey Rift,RAW,74.0,Active
Ridge Holland,NXT,74.0,Heel
Wren Sinclair,NXT,74.0,Face
Andre Chase,NXT,73.0,Face
Brooks Jensen,NXT,73.0,Heel
Candice LeRae,NXT,73.0,Heel
Cruz Del Toro,RAW,73.0,Face
EL Ordinario,RAW,73.0,Active
Grayson Waller,RAW,73.0,Heel
Kiana James,SmackDown,73.0,Tweener
Nikki Cross,SmackDown,73.0,Face
Nikkita Lyons,NXT,73.0,Heel
Angel,SmackDown,72.0,Heel
Berto,SmackDown,72.0,Heel
Jazmyn Nyx,Legends,72.0,Active
Joaquin Wilde,RAW,72.0,Face
Wendy Choo,NXT,72.0,Heel
Elton Prince,SmackDown,71.0,Tweener
Apollo Crews,SmackDown,70.0,Heel
Geneva Rose,RAW,70.0,Active
Akira Tozawa,RAW,68.0,Face
Carly Prime,RAW,68.0,Active
Cole Quinn,RAW,68.0,Active
B-Fab,SmackDown,67.0,Heel
Chase,RAW,64.0,Active
Eric Bischoff,Legends,58.0,Active
